{
  "n": 20,
  "ratio": 0.3,
  "strategies": {
    "bear": {
      "n": 20,
      "mean_s": 1.0473290374735371,
      "median_s": 1.0811735002789646,
      "p90_s": 1.249039241624996,
      "min_s": 0.5907775419764221,
      "max_s": 1.3111290410161018,
      "avg_tokens_in": 1433.75,
      "avg_tokens_out": 429.65,
      "n_err": 0
    },
    "ours": {
      "n": 20,
      "mean_s": 1.0799226001370699,
      "median_s": 1.035803354345262,
      "p90_s": 1.3290184878278524,
      "min_s": 0.8141124579124153,
      "max_s": 1.7256538341753185,
      "avg_tokens_in": 1433.75,
      "avg_tokens_out": 26.75,
      "n_err": 0
    },
    "bear\u2192ours": {
      "n": 20,
      "mean_s": 1.2500477584078908,
      "median_s": 1.2476939377374947,
      "p90_s": 1.432680542115122,
      "min_s": 0.9768592920154333,
      "max_s": 1.6607294999994338,
      "avg_tokens_in": 1433.75,
      "avg_tokens_out": 26.05,
      "n_err": 0
    },
    "ours\u2192bear": {
      "n": 20,
      "mean_s": 1.3422124583972619,
      "median_s": 1.3223537916783243,
      "p90_s": 1.6650800212286412,
      "min_s": 1.0742266671732068,
      "max_s": 1.7089784587733448,
      "avg_tokens_in": 1433.75,
      "avg_tokens_out": 8,
      "n_err": 0
    }
  }
}